
{
    "startingMondayMonth":"5",
    "startingMondayDay":"1",
    "endingFridayMonth":"5",
    "endingFridayDay":"26",
    "holidays":[
        {
            "month":"5",
            "day":"23",
            "title":"dsfsd",
            "link":"fdsfs"
        }
    ],
    "lectures":[
        {
            "month":"5",
            "day":"17",
            "title":"dsf",
            "topic":"sfsdf",
            "link":"fdsf"
        }
    ],
    "references":[
        {
            "month":"5",
            "day":"10",
            "title":"fdsf",
            "topic":"fdsf",
            "link":"fdsf"
        }
    ],
    "recitations":[
        {
            "month":"5",
            "day":"25",
            "title":"fdsfds",
            "topic":"fdsf"
        }
    ],
    "hws":[
        {
            "month":"5",
            "day":"10",
            "title":"fdsf",
            "topic":"fdsf",
            "link":"fdsf",
            "time":"sdfsdf",
            "criteria":"fdsfsd"
        }
    ]
}