{
    "startingMondayMonth":  "1",
    "startingMondayDay":    "23",
    "endingFridayMonth":    "5",
    "endingFridayDay":      "19",
    "holidays": [
        { "month": "2",     "day": "9",     "title": "SNOW DAY<br /><img src='./images/SnowDay.gif' />", "link": "http://funnybizblog.com/funny-stuff/calvin-hobbes-snowman-cartoons" },
        { "month": "3",   "day": "13",     "title": "SPRING BREAK<br /><br /><br />",                 "link": "http://www.dol.gov/laborday/history.htm" }, 
        { "month": "3",   "day": "14",     "title": "SPRING BREAK<br /><br /><br />",               "link": "http://www.stonybrook.edu/registrar/calendar-academic.shtml" }, 
        { "month": "3",  "day": "15",    "title": "SPRING BREAK<br /><br /><br />",                "link": "http://www.travelchannel.com/interests/holidays/articles/thanksgiving-travel-tips" }, 
        { "month": "3",  "day": "16",    "title": "SPRING BREAK<br /><br /><br />",              "link": "https://www.youtube.com/watch?v=wKGX8EbYarU" },
        { "month": "3",  "day": "17",    "title": "SPRING BREAK<br /><br /><br />",              "link": "http://blackfridaydeathcount.com" },
        { "month": "5",  "day": "8",    "title": "READING DAY<br /><br /><br />",               "link": "http://www.stonybrook.edu/commcms/registrar/calendars/academic_calendars.html" },
        { "month": "5",  "day": "9",    "title": "<br /><br /><br /><br />",                          "link": "" },
        { "month": "5",  "day": "10",    "title": "<br /><br /><br /><br />",                          "link": "" },
        { "month": "5",  "day": "11",    "title": "<br /><br /><br /><br />",                          "link": "" },
        { "month": "5",  "day": "12",    "title": "<br /><br /><br /><br />",                          "link": "" },
        { "month": "5",  "day": "15",    "title": "<br /><br /><br /><br />",                          "link": "" },
        { "month": "5",  "day": "16",    "title": "<br /><br /><br /><br />",                          "link": "" },
        { "month": "5",  "day": "17",    "title": "<br /><br /><br /><br />",                          "link": "" }
    ],
    "lectures":[
        { "month": "1",     "day": "24",    "title": "Lecture 1",       "topic": "Software<br />Development<br />Lifecycle<br /><br /><br />",      "link": "https://blackboard.stonybrook.edu/bbcswebdav/pid-4007199-dt-content-rid-26212680_1/xid-26212680_1"},
        { "month": "1",     "day": "26",    "title": "Lecture 2",       "topic": "Graphical<br />User<br />Interfaces<br /><br /><br />",           "link": "https://blackboard.stonybrook.edu/bbcswebdav/pid-4011100-dt-content-rid-26218131_1/xid-26218131_1" },
        { "month": "1",     "day": "31",    "title": "Lecture 3",       "topic": "Graphical<br />User<br />Interfaces<br />(continued)<br /><br /><br />",                        "link": "none" },
        { "month": "2",     "day": "2",     "title": "Lecture 4",       "topic": "Event<br />Programming<br /><br /><br /><br />",       "link": "https://blackboard.stonybrook.edu/bbcswebdav/pid-4019968-dt-content-rid-26262250_1/xid-26262250_1" },
        { "month": "2",     "day": "7",     "title": "Lecture 5",       "topic": "Event<br />Programming<br />(continued)<br /><br />", "link":"none" },
        { "month": "2",     "day": "14",    "title": "Lecture 7",       "topic": "Graphics<br />&amp; GUIs<br /><br /><br /><br />",                      "link": "https://blackboard.stonybrook.edu/bbcswebdav/pid-4023764-dt-content-rid-26296682_1/xid-26296682_1" },
        { "month": "2",     "day": "16",    "title": "Lecture 8",       "topic": "Web Technologies<br />(<a href='https://prezi.com/u4mjgyps1oaz/html-5/'>HTML5</a> &amp; <a href='https://prezi.com/huucwnpr9gft/css-css3/'>CSS3</a>)<br /><br /><br /><br />",                    "link": "none" },
        { "month": "2",     "day": "21",    "title": "Lecture 9",       "topic": "Threads<br />&amp; Timers<br /><br /><br />",                                         "link": "https://blackboard.stonybrook.edu/bbcswebdav/pid-4033521-dt-content-rid-26438875_1/xid-26438875_1" },
        { "month": "2",     "day": "23",    "title": "Lecture 10",      "topic": "Threads<br />&amp; Timers<br />(continued)<br /><br />",                        "link": "none" },
        { "month": "2",    "day": "28",     "title": "Lecture 11",      "topic": "Multithreading<br />Issues<br /><br /><br /><br />", "link": "https://blackboard.stonybrook.edu/bbcswebdav/pid-4037102-dt-content-rid-26509423_1/xid-26509423_1" },
        { "month": "3",    "day": "2",      "title": "Lecture 12",      "topic": "OO Design<br />using UML<br /><br /><br /><br />",                      "link": "https://blackboard.stonybrook.edu/bbcswebdav/pid-4037108-dt-content-rid-26509428_1/xid-26509428_1" },
        { "month": "3",    "day": "7",      "title": "Lecture 13",      "topic": "OOP++<br /><br /><br /><br /><br />",           "link": "https://blackboard.stonybrook.edu/bbcswebdav/pid-4037103-dt-content-rid-26509424_1/xid-26509424_1" },
        { "month": "3",    "day": "9",      "title": "Lecture 14",      "topic": "OOP++<br />(continued)<br /><br />",           "link": "none" },
        { "month": "3",    "day": "21",     "title": "Lecture 15",    "topic": "Midterm Review<br /><br />",                               "link": "none" },
        { "month": "3",    "day": "23",     "title": "MIDTERM EXAM",      "topic": "(Lectures 1-14)<br />(<a href='https://blackboard.stonybrook.edu/bbcswebdav/pid-4047954-dt-content-rid-26744603_1/xid-26744603_1'>Sample Midterm</a>)<br />(<a href='https://blackboard.stonybrook.edu/bbcswebdav/pid-4047955-dt-content-rid-26744607_1/xid-26744607_1'>Solutions</a>)", "link": "none" },
        { "month": "3",    "day": "28",     "title": "Lecture 17",      "topic": "Properties of<br />High Quality<br />Software<br /><br />",                  "link": "https://blackboard.stonybrook.edu/bbcswebdav/pid-4037109-dt-content-rid-26509429_1/xid-26509429_1" },
        { "month": "3",    "day": "30",     "title": "Lecture 18",      "topic": "Design<br />Review<br /><br /><br /><br />",                "link": "https://blackboard.stonybrook.edu/bbcswebdav/pid-4054382-dt-content-rid-26858605_1/xid-26858605_1" },
        { "month": "4",    "day": "4",      "title": "Lecture 19",      "topic": "Test-Driven<br />Development<br /><br /><br />",                                             "link": "https://blackboard.stonybrook.edu/bbcswebdav/pid-4057588-dt-content-rid-26923999_1/xid-26923999_1" },
        { "month": "4",    "day": "6",      "title": "Lecture 20",      "topic": "Test-Driven<br />Development<br />(continued)<br /><br /><br /><br /><br />",                                             "link": "none" },
        { "month": "4",    "day": "11",     "title": "Lecture 21",      "topic": "Designing<br />with Exceptions<br /><br /><br /><br />",                                             "link": "https://blackboard.stonybrook.edu/bbcswebdav/pid-4061967-dt-content-rid-26973630_1/xid-26973630_1" },
        { "month": "4",    "day": "13",     "title": "Lecture 22",      "topic": "Designing<br />with Exceptions<br />(continued)<br /><br /><br /><br /><br />",                           "link": "none" },
        { "month": "4",    "day": "18",     "title": "Lecture 23",      "topic": "Code<br />Profiling<br /><br /><br /><br />",          "link": "https://blackboard.stonybrook.edu/bbcswebdav/pid-4070577-dt-content-rid-27048612_1/xid-27048612_1" },
        { "month": "4",    "day": "20",     "title": "Lecture 24",   "topic": "Code<br />Profiling<br />(continued)<br /><br /><br /><br /><br />",                                           "link": "none" },
        { "month": "4",    "day": "25",     "title": "Lecture 25",  "topic": "Creational<br />Design Patterns<br /><br /><br /><br />",             "link": "https://blackboard.stonybrook.edu/bbcswebdav/pid-4073990-dt-content-rid-27109024_1/xid-27109024_1" },
        { "month": "4",    "day": "27",     "title": "Lecture 26",      "topic": "Structural<br />Design Patterns<br /><br /><br /><br /><br />",               "link": "https://blackboard.stonybrook.edu/bbcswebdav/pid-4075164-dt-content-rid-27136751_1/xid-27136751_1" },
        { "month": "5",    "day": "2",      "title": "Lecture 27",      "topic": "Behavioral<br />Design Patterns<br /><br /><br /><br />",               "link": "https://blackboard.stonybrook.edu/bbcswebdav/pid-4075165-dt-content-rid-27136753_1/xid-27136753_1" },
        { "month": "5",    "day": "4",      "title": "Lecture 28",      "topic": "Final Exam<br />Review<br /><br /><br />",                     "link": "none" }
    ],
    "references": [
        { "month": "2",     "day": "14",    "title": "Reference",   "topic": "JavaFX Examples", "link": "https://blackboard.stonybrook.edu/bbcswebdav/pid-3870769-dt-content-rid-24893045_1/xid-24893045_1" },
        { "month": "2",     "day": "16",    "title": "Reference",   "topic": "HTML5", "link": "http://www.w3schools.com/html/html5_intro.asp" },
        { "month": "2",     "day": "16",    "title": "Reference",   "topic": "CSS3", "link": "http://www.w3schools.com/css3/default.asp" },
        { "month": "2",     "day": "16",    "title": "Reference",   "topic": "JavaScript", "link": "http://www.w3schools.com/js/default.asp" },
        { "month": "2",     "day": "16",    "title": "Reference",   "topic": "The DOM", "link": "http://www.w3schools.com/htmldom/default.asp" },
        { "month": "2",     "day": "16",    "title": "Reference",   "topic": "jQuery", "link": "http://www.w3schools.com/jquery/default.asp" },
        { "month": "2",     "day": "23",    "title": "Reference",   "topic": "jTPS Framework", "link": "./hw/jTPS.zip" },
        { "month": "3",     "day": "22",    "title": "Midterm Review", "topic": "7pm-9pm<br />New Computer Science 120", "link": "none" },
        { "month": "11",    "day": "21",    "title": "Video",       "topic": "-Factory", "link": "https://blackboard.stonybrook.edu/bbcswebdav/pid-3910788-dt-content-rid-25675399_1/xid-25675399_1"},
        { "month": "11",    "day": "21",    "title": "Video",       "topic": "-Singleton", "link": "https://blackboard.stonybrook.edu/bbcswebdav/pid-3910789-dt-content-rid-25675702_1/xid-25675702_1" },
        { "month": "11",    "day": "21",    "title": "Video",       "topic": "-Builder", "link": "https://blackboard.stonybrook.edu/bbcswebdav/pid-3910790-dt-content-rid-25675703_1/xid-25675703_1" },
        { "month": "11",    "day": "21",    "title": "Video",       "topic": "-Prototype", "link": "https://blackboard.stonybrook.edu/bbcswebdav/pid-3910791-dt-content-rid-25675704_1/xid-25675704_1" }
    ],
    "recitations":[
        { "month": "1",     "day": "30",    "title": "Recitation 1",    "topic": "NetBeans &amp;<br />Version Control<br /><br />"  },
        { "month": "1",     "day": "31",    "title": "Recitation 1",    "topic": "NetBeans &amp;<br />Version Control<br /><br />" },
        { "month": "2",     "day": "1",    "title": "Recitation 1",    "topic": "NetBeans &amp;<br />Version Control<br /><br />" },
        { "month": "2",     "day": "6",    "title": "Recitation 2",    "topic": "Debugging<br /><br />" },
        { "month": "2",     "day": "7",    "title": "Recitation 2",    "topic": "Debugging<br /><br />" },
        { "month": "2",     "day": "8",    "title": "Recitation 2",    "topic": "Debugging<br /><br />" },
        { "month": "2",     "day": "13",    "title": "Recitation 3",    "topic": "HTML/CSS<br /><br />" },
        { "month": "2",     "day": "14",    "title": "Recitation 3",    "topic": "HTML/CSS<br /><br />" },
        { "month": "2",     "day": "15",    "title": "Recitation 3",    "topic": "HTML/CSS<br /><br />" },
        { "month": "2",    "day": "20",     "title": "Recitation 4",    "topic": "Canvas<br /><br />" },
        { "month": "2",    "day": "21",     "title": "Recitation 4",    "topic": "Canvas<br /><br />" },
        { "month": "2",    "day": "22",     "title": "Recitation 4",    "topic": "Canvas<br /><br />" },
        { "month": "2",    "day": "27",    "title": "Recitation 5",    "topic": "Multithreading<br /><br />" },
        { "month": "2",    "day": "28",    "title": "Recitation 5",    "topic": "Multithreading<br /><br />" },
        { "month": "3",    "day": "1",    "title": "Recitation 5",    "topic": "Multithreading<br /><br />" },
        { "month": "3",    "day": "6",    "title": "Recitation 6",    "topic": "UML<br /><br />" },
        { "month": "3",    "day": "7",    "title": "Recitation 6",    "topic": "UML<br /><br />" },
        { "month": "3",    "day": "8",    "title": "Recitation 6",    "topic": "UML<br /><br />" },
        { "month": "3",    "day": "20",    "title": "NO RECITATION",   "topic": "<br /><br />" },
        { "month": "3",    "day": "21",    "title": "NO RECITATION",   "topic": "<br /><br />" },
        { "month": "3",    "day": "22",    "title": "NO RECITATION",   "topic": "<br /><br />" },
        { "month": "3",    "day": "27",    "title": "Recitation 7",    "topic": "Language<br />Independence<br /><br />" },
        { "month": "3",    "day": "28",    "title": "Recitation 7",    "topic": "Language<br />Independence<br /><br />" },
        { "month": "3",    "day": "29",    "title": "Recitation 7",    "topic": "Language<br />Independence<br /><br />" },
        { "month": "4",    "day": "3",    "title": "Recitation 8",    "topic": "Mockups<br /><br />" },
        { "month": "4",    "day": "4",     "title": "Recitation 8",    "topic": "Mockups<br /><br />" },
        { "month": "4",    "day": "5",     "title": "Recitation 8",    "topic": "Mockups<br /><br />" },
        { "month": "4",    "day": "10",     "title": "Recitation 9",    "topic": "Unit Testing<br /><br />" },
        { "month": "4",    "day": "11",    "title": "Recitation 9",   "topic": "Unit Testing<br /><br />" },
        { "month": "4",    "day": "12",    "title": "Recitation 9",   "topic": "Unit Testing<br /><br />" },
        { "month": "4",    "day": "17",    "title": "Recitation 10",   "topic": "Sparky/Javadoc<br /><br />" },
        { "month": "4",    "day": "18",    "title": "Recitation 10",   "topic": "Sparky/Javadoc<br /><br />" },
        { "month": "4",    "day": "19",    "title": "Recitation 10",   "topic": "Sparky/Javadoc<br /><br />" },
        { "month": "4",    "day": "24",    "title": "Recitation 11",   "topic": "Profiling<br /><br />" },
        { "month": "4",    "day": "25",    "title": "Recitation 11",   "topic": "Profiling<br /><br />" },
        { "month": "4",    "day": "26",    "title": "Recitation 11",   "topic": "Profiling<br /><br />" }
    ],
    "hws": [
        { "month": "2", "day": "22",    "title": "HW 1",    "topic": "due @ 11:59pm<br />(<a href='./hw/HW1_Solution.zip'>Solution</a>)<br />(GUIs)<br />",               "link": "./hw/HW1.html",     "time": "11:59pm",  "criteria": "https://docs.google.com/spreadsheets/d/1hDY9OR4Nu5p2XLd3mkTB93y78Bnk3LInO0Ydkrz8gZg"  },
        { "month": "3", "day": "13",    "title": "HW 2",    "topic": "due @ 11:59pm<br />(<a href='./hw/HW2_ExampleSolution1.zip'>Solution #1</a>)<br />(<a href='./hw/HW2_ExampleSolution2.zip'>Solution #2</a>)<br />(<a href='./hw/HW2_ExampleSolution3.zip'>Solution #3</a>)<br />(TPS)<br />",            "link": "./hw/HW2.html",     "time": "11:59pm",  "criteria": "https://docs.google.com/spreadsheets/d/14FTSpiPpIMfhesFq4o3-vENvrX2D0NoaqFEaXa37WmE"  },
        { "month": "3", "day": "31",    "title": "HW 3",    "topic": "due @ 11:59pm<br />(UML)",            "link": "./hw/HW3.html",     "time": "11:59pm",  "criteria": "https://docs.google.com/spreadsheets/d/191YCoIl5dfRgE_R7uHcYsHl0g5sp6--0xDVmav8svcE"  },
        { "month": "4", "day": "13",    "title": "HW 4",    "topic": "due @ 11:59pm<br />(UI Layout)",      "link": "./hw/HW4.html",     "time": "11:59pm",  "criteria": "https://docs.google.com/spreadsheets/d/1nznBvuw7oNWf0aOb8ywmFlqYXYL5Kw7eALihp6Zhlzc"  },
        { "month": "4", "day": "24",    "title": "HW 5",    "topic": "due @ 11:59pm<br />(File Management)",      "link": "./hw/HW5.html",     "time": "11:59pm",  "criteria": "https://docs.google.com/spreadsheets/d/1-sVfemVCuW_CIgiOAxCrfVi19_0O-5RNq8Bt2CVl_L4"  },
        { "month": "5", "day": "8",     "title": "HW 6",    "topic": "due @ 12:01am<br />(Completed App)",  "link": "./hw/HW6.html",     "time": "12:01am",  "criteria": "none" }
    ]
}