<?xml version="1.0" encoding="UTF-8"?>
<project-private xmlns="http://www.netbeans.org/ns/project-private/1">
    <editor-bookmarks xmlns="http://www.netbeans.org/ns/editor-bookmarks/2" lastBookmarkId="0"/>
    <open-files xmlns="http://www.netbeans.org/ns/projectui-open-files/2">
        <group>
            <file>file:/C:/Users/Richu/219NetBeans/Final_Proj/CourseSiteGenerator/src/csg/csg_App.java</file>
            <file>file:/C:/Users/Richu/219NetBeans/Final_Proj/CourseSiteGenerator/src/csg/workspace/csg_Workspace.java</file>
            <file>file:/C:/Users/Richu/219NetBeans/Final_Proj/CourseSiteGenerator/src/csg/workspace/csg_TAController.java</file>
            <file>file:/C:/Users/Richu/219NetBeans/Final_Proj/CourseSiteGenerator/src/csg/csg_Prop.java</file>
            <file>file:/C:/Users/Richu/219NetBeans/Final_Proj/CourseSiteGenerator/src/csg/data/csg_TeachingAssistant.java</file>
        </group>
    </open-files>
</project-private>
