<?xml version="1.0" encoding="UTF-8"?>
<project-private xmlns="http://www.netbeans.org/ns/project-private/1">
    <editor-bookmarks xmlns="http://www.netbeans.org/ns/editor-bookmarks/2" lastBookmarkId="0"/>
    <open-files xmlns="http://www.netbeans.org/ns/projectui-open-files/2">
        <group>
            <file>file:/C:/Users/Richu/219NetBeans/Final_Proj/CourseSiteGenerator/src/csg/csg_App.java</file>
            <file>file:/C:/Users/Richu/219NetBeans/Final_Proj/CourseSiteGenerator/src/csg/workspace/csg_Workspace.java</file>
            <file>file:/C:/Users/Richu/219NetBeans/Final_Proj/CourseSiteGenerator/src/test_bed/TestSave.java</file>
            <file>file:/C:/Users/Richu/219NetBeans/Final_Proj/CourseSiteGenerator/src/csg/file/csg_TimeSlot.java</file>
            <file>file:/C:/Users/Richu/219NetBeans/Final_Proj/CourseSiteGenerator/src/csg/data/csg_CourseDetails.java</file>
            <file>file:/C:/Users/Richu/219NetBeans/Final_Proj/CourseSiteGenerator/src/csg/file/csg_TAFiles.java</file>
            <file>file:/C:/Users/Richu/219NetBeans/Final_Proj/CourseSiteGenerator/src/csg/data/csg_TAData.java</file>
            <file>file:/C:/Users/Richu/219NetBeans/Final_Proj/CourseSiteGenerator/src/csg/data/csg_TeachingAssistant.java</file>
        </group>
    </open-files>
</project-private>
