<?xml version="1.0" encoding="UTF-8"?>
<project-private xmlns="http://www.netbeans.org/ns/project-private/1">
    <editor-bookmarks xmlns="http://www.netbeans.org/ns/editor-bookmarks/2" lastBookmarkId="0"/>
    <open-files xmlns="http://www.netbeans.org/ns/projectui-open-files/2">
        <group>
            <file>file:/C:/Users/Richu/219NetBeans/Final_Proj/TAManagerTester/public_html/js/ScheduleData.json</file>
            <file>file:/C:/Users/Richu/219NetBeans/Final_Proj/TAManagerTester/public_html/js/OfficeHoursGridData.json</file>
            <file>file:/C:/Users/Richu/219NetBeans/Final_Proj/TAManagerTester/public_html/index.html</file>
            <file>file:/C:/Users/Richu/219NetBeans/Final_Proj/TAManagerTester/public_html/js/RecitationsBuilder.js</file>
            <file>file:/C:/Users/Richu/219NetBeans/Final_Proj/TAManagerTester/public_html/js/TeamsData.json</file>
            <file>file:/C:/Users/Richu/219NetBeans/Final_Proj/TAManagerTester/public_html/js/schData.json</file>
            <file>file:/C:/Users/Richu/219NetBeans/Final_Proj/TAManagerTester/public_html/js/ProjectsBuilder.js</file>
            <file>file:/C:/Users/Richu/219NetBeans/Final_Proj/TAManagerTester/public_html/hws.html</file>
            <file>file:/C:/Users/Richu/219NetBeans/Final_Proj/TAManagerTester/public_html/js/RecitationsData.json</file>
            <file>file:/C:/Users/Richu/219NetBeans/Final_Proj/TAManagerTester/public_html/js/TeamsBuilder.js</file>
        </group>
    </open-files>
</project-private>
