
{
    "startHour":"9",
    "endHour":"20",
    "undergrad_tas":[
        {
            "name":"Yu Zhao",
            "email":"yu.zhao@stonybrook.edu"
        },
        {
            "name":"dfsdf",
            "email":"sdfds.dsfsd@sdfs.edu"
        },
        {
            "name":"sdfsd",
            "email":"fdsfs.edfsd@sfs.edu"
        }
    ],
    "officeHours":[
        {
            "day":"MONDAY",
            "time":"9_30am",
            "name":"sdfsd"
        },
        {
            "day":"TUESDAY",
            "time":"11_30am",
            "name":"Yu Zhao"
        },
        {
            "day":"THURSDAY",
            "time":"11_30am",
            "name":"Yu Zhao"
        },
        {
            "day":"WEDNESDAY",
            "time":"2_30pm",
            "name":"Yu Zhao"
        },
        {
            "day":"WEDNESDAY",
            "time":"3_00pm",
            "name":"Yu Zhao"
        },
		{
            "day":"WEDNESDAY",
            "time":"4_00pm",
            "name":"Yu Zhao"
        }
    ]
}